<?xml version="1.0" encoding="UTF-8"?>
<project-private xmlns="http://www.netbeans.org/ns/project-private/1">
    <editor-bookmarks xmlns="http://www.netbeans.org/ns/editor-bookmarks/2" lastBookmarkId="0"/>
    <open-files xmlns="http://www.netbeans.org/ns/projectui-open-files/2">
        <group>
            <file>file:/C:/Users/ameen/OneDrive/Documents/NetBeansProjects/GroceryStore/src/Main.java</file>
            <file>file:/C:/Users/ameen/OneDrive/Documents/NetBeansProjects/GroceryStore/src/ProductsForm.java</file>
            <file>file:/C:/Users/ameen/OneDrive/Documents/NetBeansProjects/GroceryStore/src/Cart.java</file>
            <file>file:/C:/Users/ameen/OneDrive/Documents/NetBeansProjects/GroceryStore/src/Product.java</file>
            <file>file:/C:/Users/ameen/OneDrive/Documents/NetBeansProjects/GroceryStore/src/CustomerForm.java</file>
            <file>file:/C:/Users/ameen/OneDrive/Documents/NetBeansProjects/GroceryStore/src/DataScript.java</file>
            <file>file:/C:/Users/ameen/OneDrive/Documents/NetBeansProjects/GroceryStore/src/StaffMember.java</file>
            <file>file:/C:/Users/ameen/OneDrive/Documents/NetBeansProjects/GroceryStore/src/Customer.java</file>
            <file>file:/C:/Users/ameen/OneDrive/Documents/NetBeansProjects/GroceryStore/src/GroceryStoreForm.java</file>
            <file>file:/C:/Users/ameen/OneDrive/Documents/NetBeansProjects/GroceryStore/src/StaffMemberForm.java</file>
        </group>
    </open-files>
</project-private>
